--TASK 1--
--Q1--
CREATE DATABASE NAGPUR_UNIVERSITY
USE NAGPUR_UNIVERSITY

--Q2  --
CREATE TABLE College_Table (College_ID INT PRIMARY KEY, College_Name VARCHAR(MAX), College_Area VARCHAR(MAX))
--Q3--
CREATE TABLE Department_Table ( Dept_ID INT FOREIGN KEY REFERENCES COLLEGE_TABLE(COLLEGE_ID), Dept_Name VARCHAR(MAX),
		Dept_Facility VARCHAR(MAX))

CREATE TABLE . Professor_Table (Professor_ID INT PRIMARY KEY, Professor_Name VARCHAR(MAX), Professor_Subject VARCHAR(MAX))
--Q4--
CREATE TABLE . Student_Table (Student_ID INT FOREIGN KEY REFERENCES PROFESSOR_TABLE(PROFESSOR_ID),Student_Name VARCHAR(MAX),
Student_Stream VARCHAR(MAX))

--Q5--
INSERT INTO COLLEGE_TABLE VALUES (001, 'CITY PREMIER COLLEGE','WARDHA ROAD NAGPUR'), (002,'RAISONI COLLEGE','HINGNA WADI'),
(003,'IDEA COLLEGE OF ARCHITECTURE','VIP ROAD NAGPUR'),(004, 'SDMCA','HINGNA WADI'),(005,'MEDICAL COLLGE','SOMALWADA NAGPUR'),
(006, 'AMBEDKAR COLLEGE ','WADI NAGPUR'),(007,'LIT COLLEGE OF ARTS','MILITARY ROAD'),(008,'DHURVE COLLEGE','WARDHA ROAD'),
(009,'RAMDEV BABA COLLEGE','NEAR AMBAZARI LAKE'), (110,'IIM NAGPUR','UMRED ROAD NAGPUR')

INSERT INTO Department_Table VALUES (001,'HR DEPT','HIRING'), (004,'FINANCE DEPT','ACCOUNTS HANDLING'),
(006,'CO CURRICULAR DEPT', 'ACTIVITES'),(007,'HR DEPT','HIRING'),(001,'INTERNATIONAL AFFAIRS DEPT','ABROAD ACTIVITES'),
(005,'EDUCATION DEPT','LEARNING'), (110,'MARKETING DEPT','PROMOTION'), (003,'EVENT MANAGEMENT DEPT','PLANNING AND EXECUTION'),
(008,'FINANCE DEPT','ACCOUNTS HANDLING'), (009,'EDUCATION DEPT','LEARNING')

INSERT INTO Professor_Table VALUES (111,'PIYUSH SHARMA','MATHS'),(112,'RAGINI KHANNA', 'SOCIAL SCIENCE'),
(113,'RUPAL JAIN','ACCOUNTS'),(114,'RAGHAV CHAUHAN','ECONOMICS'),(115,'SALONI GUPTA','CHEMISTRY'),(116,'RAJ SAHU','MATHS'),
(117,'SAILI KALMARKAR', 'BANKING'),(118,'VAIBHAV RANA','ARTS'),(119,'GARIMA SONI','LAW'),(120,'APPORVA DANGE','SCIENCE')

INSERT INTO Student_Table VALUES (116,'AMAN SONI','MATHS'),(117,'RITA JAIN','BANKING'),(120,'RINA JOSEPH','SCIENCE'),
(111,'RITUJA BADLU','MATHS'),(119,'OM INGOLE','LLB'),(116,'ANUJ KARADE','MATHS'),(120,'ASHU SAHU','SCIENCE'),
(112,'RAVI SINGH','SOCIAL'),(117,'SIMRAN KAUR','BANKING'),(113,'ABHI GURVE','ACCOUNTS')

---TASK 2---
--Q1--
SELECT COLLEGE_ID , COLLEGE_NAME FROM COLLEGE_TABLE

--Q2--
SELECT TOP 5 STUDENT_NAME FROM Student_Table

--Q3--
SELECT * FROM Professor_Table WHERE Professor_ID= 115

--Q4--
SELECT PROFESSOR_ID, UPPER (PROFESSOR_NAME), PROFESSOR_SUBJECT FROM Professor_Table

--Q5--
SELECT * FROM Student_Table WHERE Student_Name LIKE 'A%'

--Q6--
SELECT * FROM COLLEGE_TABLE WHERE College_Name LIKE '%A'

--Q7--
ALTER TABLE PROFESSOR_TABLE ADD SALARY INT

--Q8--
ALTER TABLE STUDENT_TABLE ADD CONTACT BIGINT

--Q9--
UPDATE Professor_Table SET SALARY = 50000 WHERE Professor_ID = 111
UPDATE Professor_Table SET SALARY = 55000 WHERE Professor_ID = 112
UPDATE Professor_Table SET SALARY = 66000 WHERE Professor_ID = 113
UPDATE Professor_Table SET SALARY = 61000 WHERE Professor_ID = 114
UPDATE Professor_Table SET SALARY = 51000 WHERE Professor_ID = 115
UPDATE Professor_Table SET SALARY = 45000 WHERE Professor_ID = 116
UPDATE Professor_Table SET SALARY = 57000 WHERE Professor_ID = 117
UPDATE Professor_Table SET SALARY = 67000 WHERE Professor_ID = 118
UPDATE Professor_Table SET SALARY = 58000 WHERE Professor_ID = 119
UPDATE Professor_Table SET SALARY = 54000 WHERE Professor_ID = 120

SELECT SUM (SALARY) 'TOTAL SALARY' FROM Professor_Table

--Q10--
ALTER TABLE PROFESSOR_TABLE ALTER COLUMN SALARY FLOAT	

--TASK 3--
--Q1---
SELECT top 5* FROM Professor_Table
FULL outer JOIN Student_Table
ON PROFESSOR_TABLE.PROFESSOR_ID = STUDENT_TABLE.STUDENT_ID

--Q2---
SELECT * FROM College_Tables_Data
INNER JOIN Department_Table
ON College_Tables_Data.College_ID = Department_Table.Dept_ID
INNER JOIN Professor_Table 
 on Professor_Table.PROFESSOR_ID= Department_Table.Dept_ID
INNER JOIN STUDENT_TABLE
on STUDENT_TABLE.Student_ID = Professor_Table.PROFESSOR_ID  

--Q3--
INSERT INTO Department_Table VALUES (110, NULL,'ACCOUNTS'), (006, NULL,'ENTERTAINMENT'), (009, 'SHIVI RAI',NULL), (002,'RAM SONI',NULL)
INSERT INTO Professor_Table VALUES (121,'PIYUSH GUPTA',NULL,48000), (122,'SHIKHA LAAL',NULL,NULL), (123,NULL,'SCIENCE',82000),
(124,NULL,'MATHS',40000)
 SELECT * FROM Professor_Table
 SELECT * FROM Department_Table

 SELECT * FROM Department_Table WHERE Dept_Name IS NULL OR Dept_Facility IS NULL 
 SELECT * FROM Professor_Table WHERE Professor_Name IS NULL OR SALARY IS NULL OR Professor_Subject IS NULL

--Q4--
CREATE VIEW COLLEGE_VIEW
AS
SELECT * FROM COLLEGE_TABLE WHERE College_Name LIKE 'C%'

SELECT * FROM COLLEGE_VIEW

--Q5--
CREATE PROC PROF_TABLE
@PROF_ID INT
AS
BEGIN
SELECT * FROM Professor_Table WHERE  Professor_ID = @PROF_ID
END

PROF_TABLE '121'

--Q6--
SP_RENAME COLLEGE_TABLE, College_Tables_Data 
SELECT * FROM College_Tables_Data 
